task,instruction,input,output,option
kowiki_v2_leads,,황학 (명나라),황학(黃鶴)는 명나라 중기의 정치인이었다. 자(字)는 명고(鳴臯)이다. 하남성(河南省) 개봉부(開封府) 기현(杞縣) 출신이다.,
doosan_253717,,역추력장치,역추력장치는 제트엔진 등의 추력(推力)을 역전시켜서 바퀴의 브레이크 작용을 돕는 장치이다.,
gen_generation,,여자친구와 5주년을 맞은 남자는 특별한 여행을 계획하고 있다. 남자는 인터넷으로 여행 장소를 검색하고 정보를 수집하기 시작한다. 그리고 정보를 찾다가 알아낸 여행 관련 앱을 태블릿에 다운받는다.,앱이 화면에 나타나자 남자는 앱을 누른다.,
gen_closedQA_generation_3,명절을 기념해 지역 내 위기 청소년들에게 물품을 제공한 곳은 어디야,"부산 서구 청소년상담복지센터(센터장 유은영) 청소년동반자들은 지난 8일부터 3일간 민족의 큰 명절인 설날을 맞아 청소년들에게 '설날 KIT'를 직접 전달했다. 

 

 '설날 KIT'는 가족들과 함께 즐길 수 있는 추억의 과자 종합 세트와 전통 민속놀이인 윷놀이 세트, 손 소독제·마스크 및 일회용 체온계 등이 포함된 코로나19 백신 KIT로 구성되어 있다. 

 

 '설날 KIT'를 전달받은 청소년은 “설날인데도 코로나19로 인해 우울감이 컸는데 웃을 수 있었다.”라며 감사의 마음을 표현하였다. 

 

 청소년동반자는 위기 청소년들에게 개인별 맞춤형 찾아가는 상담뿐만 아니라 복지 자원을 발굴하여 제공하는 등 청소년들의 현장에서 활동하고 있다. 

 

 청소년의 대인관계, 진로 및 심리 상담 서비스가 필요한 경우 부산 서구 청소년상담복지센터 또는 청소년 전화 1388로 문의하여 상담을 신청하면 된다. 

 
",부산 서구 청소년상담복지센터,
gen_closedQA_generation_2,맹형규 행안부 장관은 공직기강 확립을 위해 어떤 제목의 서한문을 전 직원들에게 발송했지,"행안부 긴급확대간부회의를 개최,「공직기강 확립 및 윤리 실천계획」추진키로 
□ 맹형규 행정안전부 장관은 6월 22일(수) 오전 “공직기강 확립을 위한 긴급 확대간부회의”를 개최하고
○ 행정안전부 전 직원들에게 공직 내 오랫동안 잠재된 낡은 관행과 악습을 청산하는데 앞장서 줄 것을 당부했다. 
□ 최근 공직기강 해이에 대해 사회전반에 걸쳐 우려의 목소리가높아지는 가운데
○ 지난 6월 16일(목) “행안부 가족에게 드리는 글”이라는 장관 서한문을 전 직원들에게 발송하여 공직기강 확립을 당부한데 이어, 
○ 당초 다음 달 초에 예정되어 있던 확대간부회의를 6월 22일로 앞당겨 “공직기강 확립 실천계획”을 긴급 보고하도록 한 것이다. 
□ 이날 회의에서는
○ 행안부 본부, 정부청사관리소․정부통합전산센터 등 소속기관, 경찰청 ․ 소방방재청 등 기관별로 공직기강 확립을 위한 실천 대책을 발표했다. 
○ 아울러, 국장급 이상 간부공무원 27명은 “청렴서약서”를 작성해 맹형규 장관에게 직접 전달했다
□ 특히, 맹형규 장관은 이날 회의를 통해
○ “그간 당연시되어 온 공직 내 관행들도 냉철하게 돌아보고 공직 사회가 새롭게 변모하는 계기를 만들어야 할 것”이라고 강조했다.",행안부 가족에게 드리는 글,"['행안부 가족에게 드리는 글', '공직기강 확립 실천계획', '청렴서약서', '긴급 확대간부회의']"
gen_argument,,"현재 기술자가 퇴사후에 직권으로 자격증 해임을 하기 위해서는 민법상 규정을 적용해 ""내용증명방식으로 의사를 보내고 30일 이후에 기술자가 협회에 방문제출"" 할 경우만 직권퇴사를 인정하고 있습니다. 이런 점을 노려 회사들은 조금만 기다려 달라는 말을 하며 근로자들을 기다리게 하면서 동등 자격증을 가진 사람을 구하기 쉽지않다며 퇴사처리를 늦게 해주고 있습니다. 근로자의 입장에서는 끌려다닐수 밖에 없는 입장입니다. 그후 근로자가 더이상 기다릴수 없어 법적인 절차를 하려하면 위의 절차에 따라 또 1달의 기간을 기다리게 됩니다. 이런 제도적인 허점이 의도하지 않은 서류상 이중취업, 자격증 불법대여가 되게 됩니다. 4대보험의 퇴사관련 서류를 구비할경우 1주일이내에 각 협회(건설, 전기, 통신, 소방... 등)에서 온라인으로 자격증 직권해임이 되게끔 행정절차를 개선할 필요가 있다고 생각합니다.",퇴사시 기술자격증 해임처리방식을 바꾸어야 합니다.,
gen_summarization,,"해양 녹색기술(green technology)개발은 재생가능하고 환경친화적 방식의 과학기술을 해양에서 적용하려는 시도이다. 국가와 민간 사업체들은 해상 풍력발전, 해양 바이오에너지 생산 및 해양시비에 큰 관심을 갖고 있다. 현재 대다수의 해양 녹색기술은 아직 상용화에 앞서 실험, 연구하는 개발 초기단계로서, 이러한 상황에서 제기될 수 있는 주요 국제법적 쟁점은 두 가지이다. 첫 번째 쟁점은 해양 녹색기술 실험행위를 어떠한 해양활동으로 이해할 것인가이다. 유엔해양법협약은 해양과학조사에 대하여 구체적인 제한을 부과하지 않고 있기 때문에, 녹색기술 실험은 큰 문제없이 해양과학조사로 볼 수 있다. 반면, 최근 런던덤핑협약체제와 생물다양성협약 당사국회의의 결정은 해양 녹색기술을 수반한 과학조사의 규모, 장소 및 목적을 제한하고자 한다. 이와 같은 당사국회의의 결정은 기존의 해양과학조사 개념을 변화시키지 않지만, 과학조사 수행시 국가들이 고려할 수 있는 행동지침의 역할을 하게 된다. 둘째, 해양 녹색기술이 해양환경에 미치는 영향은 과학적으로 충분히 입증되지 않았다. 이와 같이 과학적 불확실성이 존재하는 경우, 사전주의원칙이 적용될 수 있다. 문제는 여러 조약상의 사전주의원칙이 서로 다르게 해석될 수 있다는 점이다. 따라서 사전주의원칙은 해양 녹색기술개발을 정당화하는 동시에, 개발을 막는 근거가 될 수 있다. 하지만 사전주의원칙을 사전주의적 조치를 요구하는 행위규칙이 아닌 절차적 기준으로 해석한다면, 협약간 모순된 법적 의무가 창출된다는 우려를 해소할 수 있다. 또한 다수 조약상의 사전주의원칙을 해석할 때, 조약법에 관한 비엔나협약 제31조 3항(c)과 조약간 조화로운 해석원칙에 따른다면, 해석상의 충돌 문제를 방지할 수 있을 것이다.","해양 녹색기술개발은 재생가능하고 환경친화적 방식의 과학기술을 해양에서 적용하려는 시도이다. 현재 대다수의 해양 녹색기술은 아직 상용화에 앞서 실험, 연구하는 개발 초기단계로서, 이런 상황에서 제기될 수 있는 주요 국제법적 쟁점은 두 가지이다.",
translation,,This is most likely a result of cultural differences between the US and the UK.,이는 아마도 영국과 미국의 문화적 차이를 반영하는 듯하다.,
med_translation,,stress fracture,긴장골절 또는 피로골절,
med_definition,,울혈성심장기능상실,    심장의 원래 기능 즉 혈액을 말초로 보내는 펌프와 같은 기능이 거의 없어진 상태를 말한다. 피를 보내는 펌프의 역할이 멈추었으므로 심장으로 들어오는 피는 심장으로 들어오지 못하고 정맥속에서 정체하게 된다. 그리하여 혈액의 대부분이 말초의 정맥에 머물게 되어 여러 가지 증상이 나타난다. 특히 허파를 돌아 좌심방으로 들어가야하는 피가 펌프 기능이 없어져서 왼심방에 많은 피가 정체하고 있어서 들어가지 못해서 허파에 고이게 된다. 그러면 허파에 산소와 이산화탄소를 교환하는 기능이 없어져서 숨을 쉬지 못하는 결과를 낸다. 즉 숨이 차고 숨쉬기 힘든 증세가 나타난다. 또 온몸을 순환한 다음에 우심방으로 들어와야하는 피도 우심방으로 들어오지 못해서 말초에 정체하므로 온몸이 붓게 된다.,
law_statute_classification,법 조항,"피고인은 (차량번호 1 생략) 포터 화물차의 운전업무에 종사하는 자이다. 피고인은 2019. 12. 19. 13:40경 익산시 B 사거리를 ‘익산세무소' 방면에서 ‘C' 방면으로 알 수 없는 속도로 좌회전하게 되었다. 그곳은 전방에 횡단보도가 설치되어 있으므로 이러한 경우 자동차의 운전업무에 종사하는 자로서는 속도를 줄이고 전방 및 좌우를 잘 살펴 길을 건너는 사람이 있는지 여부를 확인하고 안전하게 운전하여야 할 업무상 주의의무가 있었다. 그럼에도 불구하고 피고인은 이를 게을리 한 채 만연히 좌회전한 과실로 피고인 진행방향의 오른쪽에서 왼쪽으로 횡단보도를 건너가던 피해자 D(남, 85세)을 미처 발견하지 못하고 위 화물차의 앞 범퍼로 피해자의 좌측면을 들이받아 도로에 넘어지게 하였다. 이로써 피고인은 위와 같은 업무상의 과실로 피해자로 하여금 사고발생일인 2019. 12. 19.경부터 2020. 4. 3. 06:15경까지 병원 치료를 받던 중, 2020. 4. 3. 06:15경 성남시 분당구 E에 있는 F병원에서 급성신부전으로 사망에 이르게 하였다.","이 사례에 적용될 수 있는 법조항은 '교통사고 처리특례법 제3조 제1항', '형법 제268조'입니다.",
law_openQA,,"저희 종중은 선산에 20여분의 조상을 모시고 있으나 분묘를 관리할 위토(位土)는 한 평도 없는 상태이므로, 위토로 사용하기 위하여 인근에 있는 밭이나 논을 구입하고자 합니다. 이 경우 종중명의로 구입할 수 있는지요?","(1) 농지취득에 관하여「농지법」제6조 제1항은 “농지는 자기가 농업경영에 이용하거나 이용할 자가 아니면 소유하지 못한다.”라고 규정하고 있으며, 같은 법 제6조 제2항에서 제1항에 대한 예외를 규정하고 있으나 거기에는 종중이 위토로 사용하려는 경우를 예외사항으로 규정하지 않고 있습니다. 더구나 같은 법 제6조 제4항은 “이 법에서 허용된 경우를 제외하고는 농지의 소유에 관한 특례를 정할 수 없다.”라고 규정하고 있습니다.
  (2) 판례도 “농지개혁법(1994. 12. 22. 농지법 제정으로 폐지)상 농지를 매수할 수 있는 자의 자격은 매매 당시 기성농가이거나 농가가 아니더라도 농지를 자경 또는 자영할 목적이 있는 자임을 요하고, 동 법 소정의 농가라 함은 자연인에 한하는 것이므로 법인격 없는 사단인 사찰은 농지를 취득할 수 없다.”라고 하였습니다(대법원 1976. 5. 11. 선고 75다1427 판결, 1992. 4. 10. 선고 91다34127 판결). 또한, 종중의 농지취득에 관하여 등기예규는 “종중은 원칙적으로 농지를 취득할 수 없으므로 위토를 목적으로 새로이 농지를 취득하는 것도 허용되지 아니하며, 다만 농지개혁 당시 위토대장에 등재된 기존 위토인 농지에 한하여 당해 농지가 위토대장에 등재되어 있음을 확인하는 내용의 위토대장 소관청 발급의 증명서를 첨부하여 종중 명의로의 소유권이전등기를 신청할 수 있다.”라고 하였습니다(2007. 4. 3. 등기예규 제1177호「농지의 소유권이전등기에 관한 사무처리지침」제4항).
  (3) 그리고 등기선례는 “종중은 원칙적으로 농지를 취득할 수 없으므로, 지목이 농지이나 토지의 현상이 농작물의 경작 또는 다년생식물의 재배지로 이용되지 않음이 관할관청이 발급하는 서면에 의하여 증명되는 경우 등 농지법 기타 법령에서 인정되는 경우를 제외하고는 종중이 지목이 ‘전’ 또는 ‘답’인 토지를 취득하여 그 명의로 소유권이전등기를 경료 받을 수는 없다. 종중원 명의로 소유권등기가 경료되어 있는 부동산에 대하여는 부동산실권리자명의등기에관한법률상의 유예기간과 관계없이 종중명의로 명의신탁해지를 원인으로 하는 소유권이전등기를 경료받을 수 있는 것이나, 그 목적 부동산이 농지인 때에는 당해 농지가 농지개혁 당시 위토대장에 등재된 기존 위토임을 확인하는 위토대장 소관청 발급의 증명서를 첨부하거나, 위의 요건을 갖춘 경우에 한하여 종중명의로 등기를 할 수 있다.”라고 하였습니다(1999. 2. 8. 등기선례6-475, 1999. 4. 30. 등기선례6-23).
  (4) 그러므로 종중은 원칙적으로 농지를 취득할 수 없으나, 기존 위토인 농지에 한하여 위토대장 소관청 발급의 증명서를 첨부하거나, 농작물의 경작 등으로 이용되지 않음이 관할관청이 발급하는 서면에 의하여 증명되는 경우 등에 한하여 종중명의로 등기를 할 수 있을 것입니다.
  (5) 따라서 위 사안의 경우 귀하의 종중은 위토로 이용하기 위하여 농지를 종중명의로 구입하려는 것이므로 이는 어려울 것으로 보입니다.",
law_summarization,,"주문
피고인의 상고를 기각한다.

이유
상고이유를 본다.
1. 피고인이 시장 또는 군수의 허가없이 근린생활 시설인 이 사건 건축물을 교회로 용도변경 사용한 행위는 1987년부터 비로소 처벌대상이 된 것이 아니라 피고인이 위 용도변경사용행위를 시작한 1985.9.1. 당시에도 그 당시의 건축법 제54조 제1항, 제5조 제1항 본문, 제48조에 위반되는 행위로서 처벌대상이 되었음이 명백하고, 또한 형법 제16조에 자기의 행위가 법령에 의하여 죄가 되지 아니하는 것으로 오인한 행위는 그 오인에 정당한 이유가 있는 때에 한하여 처벌하지 아니한다고 규정하고 있는 것은 단순한 법률의 부지의 경우를 말하는 것이 아니고, 일반적으로 범죄가 되는 행위이지만 자기의 특수한 경우에는 법령에 의하여 허용된 행위로써 죄가 되지 아니한다고 그릇 인식하고 그와 같이 인식함에 있어 정당한 이유가 있는 경우에는 벌하지 아니한다는 취지이므로, 피고인이 이 사건 행위가 건축법상의 허가대상인 줄을 몰랐다는 사정은 단순한 법률의 부지에 불과하고 특히 법령에 의하여 허용된 행위로써 죄가 되지 않는다고 적극적으로 그릇 인식한 경우가 아니어서 이를 법률의 착오에 기인한 행위라고 할 수도 없다. 논지는 이유없다.
2. 피고인에게 벌금형이 선고된 이 사건에 있어서 양형부당의 사유는 적법한 상고이유가 되지 못한다. 논지는 이유없다.
그러므로 상고를 기각하기로 관여 법관의 의견이 일치되어 주문과 같이 판결한다.","판결문의 핵심 내용만 요약해드리겠습니다: 형법 제16조에 의하여 처벌하지 아니하는 경우란 단순한 법률의 부지의 경우를 말하는 것이 아니고, 일반적으로 범죄가 되는 행위이지만 자기의 특수한 경우에는 법령에 의하여 허용된 행위로서 죄가 되지 아니한다고 그릇 인식하고 그와 같이 인식함에 있어 정당한 이유가 있는 경우에는 벌하지 아니한다는 취지이므로, 피고인이 자신의 행위가 건축법상의 허가대상인 줄을 몰랐다는 사정은 단순한 법률의 부지에 불과하고 특히 법령에 의하여 허용된 행위로서 죄가 되지 않는다고 적극적으로 그릇 인식한 경우가 아니어서 이를 법률의 착오에 기인한 행위라고 할 수 없다.",
law_statute_content,,도로교통법 제12조 제5항 제3호,도로교통법 제12조 제5항 제3호의 내용은 다음과 같습니다: 「도로법」 제2조제2호에 따른 도로의 부속물 중 과속방지시설 및 차마의 미끄럼을 방지하기 위한 시설,
fin_definition,,수출보험,"해당 용어의 정의는 다음과 같습니다.: 상품수출 시 수출업자가 수입업자의 신용위험, 수입국의 정치상황 등으로 수출대금을 회수하지 못할 위험으로부터 수출업자를 보호하기 위한 보험이다. 수출보험의 운영을 위해 한국무역보험공사내에 정부 등으로부터 자금을 출연받아 수출보험기금을 설치하였다. 수출보험은 ① 수입국의 수입금지 또는 제한, ② 외국에서의 외환거래 제한 또는 금지, ③ 외국에서의 전쟁 또는 내란으로 인한 금융거래 불능, ④ 수입국의 전쟁 또는 내란으로 인한 수출 불가능, ⑤ 국외에서 발생한 사유로 인한 운송 불능 등으로 인해 수출업자가 피해를 입을 경우 이를 보상해 주기 위해 운영되는 금융제도이다.",
gen_assistant,당신은 사람들이 정보를 찾을 수 있도록 도와주는 AI 비서입니다.,"단순반복동작 작업으로 손, 손가락 또는 손목의 부적절한 작업방법과 자세 등으로 주로 손목 부위에 주로 발생하는 근골격계질환은?
A: 테니스엘보
B: 회전근개손상
C: 수근관증후군
D: 흉곽출구증후군",수근관증후군,
oig-smallchip2-rvsd,,왜 그 노래가 '푸른 도나우'라고 불리나요?,푸른 도나우는 아름다움으로 유명한 오스트리아의 강입니다. 오스트리아의 유명한 작곡가 요한 슈트라우스 2세가 작곡한 대중가요이기도 합니다. 이 노래는 종종 결혼식 및 기타 축하 행사에서 연주됩니다.,
gen_closedQA_generation_1,,"맥락: 오산학교(五山學校)는 1907년 12월 남강(南崗) 이승훈(李昇薰)이 민족운동의 인재와 국민교육의 사표(師表)를 양성할 목적으로 평안북도 정주에 세운 학교이다.[1], 질의: 오산학교는 언제 세워졌나요?",주어진 질문에 대한 답은 1907년 12월입니다.,
gen_closedQA_classification,,"문단: 카페 아메리카노 또는 단순히 아메리카노는 에스프레소를 뜨거운 물로 희석하여 마시는 커피 음료의 한 종류이다. 그 농도는 일반적인 드립 커피와 비슷하지만 풍미는 다르다. 아메리카노의 농도는 에스프레소의 '샷' 수와, 더해지는 물의 양에 따라 달라진다. / 질문: 카페 아메리카노는 드립커피와 풍미가 비슷하다.",입력하신 문단에 대한 질문의 답은 거짓입니다.,
gen_nli,,"문장1: 73조5000억원 규모로 마련된 금융시장 안정 프로그램에선 12조6000억원의 집행 실적을 기록했다., 문장2: 금융시장 안정 프로그램은 73조 5000억 원 규모로 마련됬다.",질문자님이 입력하신 첫 번째 문장이 참이라면 두 번째 문장도 참이 됩니다.,
gen_math,산술 연산,어떤 수를 6으로 나누어야 할 것을 잘못하여 곱하였더니 36이 되었습니다. 바르게 계산하면 얼마입니까?,해당 문제에 대한 정답은 1입니다.,
gen_sts_classification,,"난방비 비싼데 추워, 가스비 비싼데 감기 걸리겠어",두 문장은 같은 상황을 묘사하고 있습니다.,
gen_news_classification_option,이 무슨 카테고리에 속하는 지 알려주세요.,언론사들은 이 번 대통령의 방중에 대하여 국민들이 스스로 판단하고 결정할 권리를 방해 하였습니다. 법에 대하여 잘 알지 못하는 저로서는 국가의 도움을 받아 저의 권리를 찾고 싶습니다.,문화/예술/체육/언론,"선택지:
&&정치개혁&&문화/예술/체육/언론&&인권/성평등&&보건복지&&기타&&미래&&외교/통일/국방&&농산어촌&&교통/건축/국토&&행정&&육아/교육&&일자리&&경제민주화&&저출산/고령화대책&&성장동력&&안전/환경&&반려동물&&"
gen_news_classification,,LH 아파트 최근 3년간 공급 아파트에서 하자 2만4천여건,입력하신 기사의 주제는 사회입니다.,
gen_sentiment_classification,,개인적인 의견이지만 끝에 뭔가 큰 반전이 있을줄 알고 봐서 그런지 그냥 밍숭맹숭하네요...,이 텍스트의 감정지수는 부정적입니다.,
gen_polysemy_classification,,"단어: 성화, 문장1: 새살림을 차렸으니 집들이하라는 주변의 [성화]가 대단하다., 문장2: 김 노인은 땅을 팔라는 사람들의 [성화]에도 끝끝내 내버텼다.",해당 단어는 주어진 두 문장에서 같은 의미를 가지고 있습니다.,
